<?xml version="1.0" encoding="UTF-8" standalone="yes"?>
<authorizers>

    <userGroupProvider>
        <identifier>file-user-group-provider</identifier>
        <class>org.apache.nifi.authorization.FileUserGroupProvider</class>
        <property name="Users File">./conf/users.xml</property>
        <property name="Legacy Authorized Users File"></property>

        <!-- <property name="Initial User Identity 1">cn=admin1,ou=people,dc=example,dc=org</property>
        <property name="Initial User Identity 2">CN=nifi_1, OU=NIFI</property>
        <property name="Initial User Identity 3">CN=nifi_2, OU=NIFI</property>
        <property name="Initial User Identity 4">CN=nifi_3, OU=NIFI</property>
        <property name="Initial User Identity 5">CN=nifi_4, OU=NIFI</property>
        <property name="Initial User Identity 6">CN=nifi_5, OU=NIFI</property> -->


        <!-- -subj "/C=IN/ST=KA/L=BLR/O=ExOrg/OU=users/CN=admin1"
         -->

        <property name="Initial User Identity 1">CN=admin1, OU=users, O=ExOrg, L=BLR, ST=KA, C=IN</property>
        <property name="Initial Admin Identity">CN=admin1, OU=users, O=ExOrg, L=BLR, ST=KA, C=IN</property>
    </userGroupProvider>
    
    <accessPolicyProvider>
        <identifier>file-access-policy-provider</identifier>
        <class>org.apache.nifi.authorization.FileAccessPolicyProvider</class>
        <property name="User Group Provider">file-user-group-provider</property>
        <property name="Authorizations File">./conf/authorizations.xml</property>


        <property name="Initial Admin Identity">CN=admin1, OU=users, O=ExOrg, L=BLR, ST=KA, C=IN</property>
<!--         
        <property name="Initial Admin Identity">cn=admin1,ou=people,dc=example,dc=org</property> -->

        <property name="Legacy Authorized Users File"></property>
        <!-- <property name="Node Identity 1">CN=nifi_1, OU=NIFI</property>
        <property name="Node Identity 2">CN=nifi_2, OU=NIFI</property>
        <property name="Node Identity 3">CN=nifi_3, OU=NIFI</property>
        <property name="Node Identity 4">CN=nifi_4, OU=NIFI</property>
        <property name="Node Identity 5">CN=nifi_5, OU=NIFI</property> -->
        <property name="Node Group"></property>
    </accessPolicyProvider>
    
    <authorizer>
        <identifier>managed-authorizer</identifier>
        <class>org.apache.nifi.authorization.StandardManagedAuthorizer</class>
        <property name="Access Policy Provider">file-access-policy-provider</property>
    </authorizer>
    
    <authorizer>
        <identifier>single-user-authorizer</identifier>
        <class>org.apache.nifi.authorization.single.user.SingleUserAuthorizer</class>
    </authorizer>
</authorizers>
